Record Id,Session Id,Acc Timestamp,AccX,AccY,AccZ,Gyro Timestamp,GyroX,GyroY,GyroZ
15,88,141746359051845,0.3696911036968231,8.352147102355957,5.4041900634765625,141746577065479,-0.3234531581401825,-0.39706242084503174,0.14416420459747314
15,88,141746377212730,-0.1902294009923935,8.631509780883789,5.882754325866699,141746586158923,-0.33536502718925476,-0.5129740834236145,0.19058994948863983
15,88,141746395373615,-0.6981059908866882,8.74756145477295,5.472385406494141,141746595238755,-0.3663664162158966,-0.7417431473731995,0.2672535479068756
15,88,141746413534500,-0.9726824164390564,8.809176445007324,4.66779899597168,141746604323715,-0.3995058834552765,-1.093143343925476,0.37308594584465027
15,88,141746431733901,-0.9768698215484619,8.82233715057373,4.2825541496276855,141746613406782,-0.4260784983634949,-1.494939923286438,0.49877145886421204
15,88,141746449894785,-0.5964110493659973,8.820542335510254,4.235894203186035,141746622488018,-0.4720461070537567,-1.8628336191177368,0.6233879923820496
15,88,141746468055670,-0.1740778535604477,8.752346992492676,4.470390796661377,141746631579814,-0.5490151643753052,-2.1821634769439697,0.7267768979072571
15,88,141746486232060,-0.0323031060397625,8.785846710205078,4.941776752471924,141746640666665,-0.6485861539840698,-2.4022276401519775,0.7944302558898926
15,88,141746504392945,0.13938191533088684,8.535198211669922,3.573082447052002,141746649735328,-0.7828238010406494,-2.5946500301361084,0.826195240020752
15,88,141746522553830,-0.2787638306617737,8.446065902709961,3.191427230834961,141746658831579,-0.9703594446182251,-2.816241502761841,0.8752171993255615
15,88,141746540714715,0.019740786403417587,8.436494827270508,3.8673996925354004,141746667916600,-1.2182179689407349,-3.050661087036133,0.9524916410446167
15,88,141746558875600,0.28594231605529785,8.482556343078613,3.7399818897247314,141746677001559,-1.4569135904312134,-3.205362558364868,1.0047205686569214
15,88,141746577065479,0.08195417374372482,8.26241683959961,2.5980072021484375,141746686082916,-1.679421305656433,-3.13205885887146,1.0201449394226074
15,88,141746586158923,-0.16450655460357666,8.338388442993164,2.0650060176849365,141746695158660,-2.0386099815368652,-2.749504566192627,1.0936014652252197
15,88,141746595238755,-0.4576273262500763,8.433503150939941,1.3986048698425293,141746704245572,-2.249664068222046,-2.0138700008392334,1.0705413818359375
15,88,141746604323715,-0.5904290080070496,8.346763610839844,0.6705885529518127,141746713333950,-1.9770653247833252,-1.074512004852295,0.8671231865882874
15,88,141746613406782,-0.5527420043945312,8.193622589111328,0.24287149310112,141746722418299,-1.1582005023956299,-0.1511891484260559,0.6160575747489929
15,88,141746622488018,-0.48574298620224,8.169096946716309,-0.06580262631177902,141746731498498,-0.07070764899253845,0.6649268269538879,0.44852781295776367
15,88,141746631579814,-0.2913261651992798,8.077570915222168,-0.12263216078281403,141746740585715,0.9844093322753906,1.3057245016098022,0.3700316250324249
15,88,141746640666665,0.04426721855998039,7.820342540740967,0.3164508044719696,141746749657612,1.9837849140167236,1.5931365489959717,0.2814561724662781
15,88,141746649735328,0.4618147611618042,7.590033531188965,0.4504488706588745,141746758754413,2.8429667949676514,1.627650499343872,0.15577064454555511
15,88,141746658831579,0.7501499056816101,7.332805156707764,1.036690354347229,141746767839555,3.445127248764038,1.519832730293274,-0.005345070734620094
15,88,141746667916600,1.2281162738800049,7.2681989669799805,2.8636105060577393,141746776924332,3.9011380672454834,1.425454020500183,-0.20357084274291992
15,88,141746677001559,2.2169501781463623,7.047461032867432,6.518647193908691,141746786006911,4.237572193145752,1.3220651149749756,-0.35934147238731384
15,88,141746686082916,3.3996028900146484,6.836892604827881,11.082358360290527,141746795084241,4.44954252243042,1.15178644657135,-0.413555771112442
15,88,141746695158660,4.77248477935791,6.458826541900635,15.218352317810059,141746804168407,4.468020915985107,0.8349000811576843,-0.38759398460388184
15,88,141746704245572,6.952346324920654,7.633702278137207,20.539989471435547,141746813252389,4.214970111846924,0.3358231782913208,-0.3101668357849121
15,88,141746713333950,8.447860717773438,8.530412673950195,25.01337242126465,141746822342720,3.662900686264038,-0.29168814420700073,-0.2776382565498352
15,88,141746722418299,8.504091262817383,9.116056442260742,27.766313552856445,141746831412787,2.887254476547241,-0.9239336848258972,-0.34987306594848633
15,88,141746731498498,7.904689788818359,8.74337387084961,27.888347625732422,141746840513310,1.9923369884490967,-1.4315626621246338,-0.4694499373435974
15,88,141746740585715,7.558926582336426,8.497511863708496,25.6241397857666,141746849593142,1.037249207496643,-1.58733332157135,-0.547182559967041
15,88,141746749657612,7.488936901092529,7.953144073486328,21.930219650268555,141746858678223,0.20586158335208893,-1.3878858089447021,-0.5778785347938538
15,88,141746758754413,6.503093719482422,7.511668682098389,17.76192283630371,141746867762878,-0.4911356568336487,-0.8521569967269897,-0.5393940210342407
15,88,141746767839555,5.592624664306641,7.141977310180664,14.017753601074219,141746876843015,-1.0867292881011963,-0.11468994617462158,-0.43127086758613586
15,88,141746776924332,4.479363918304443,7.068996429443359,10.604990005493164,141746885929562,-1.6963727474212646,0.3159700334072113,-0.3627012372016907
15,88,141746786006911,3.2787652015686035,6.610172748565674,6.8171515464782715,141746895010615,-2.292424440383911,0.5203045010566711,-0.3539963960647583
15,88,141746795084241,2.307877540588379,6.201598167419434,2.435295343399048,141746904082940,-2.852587938308716,0.6214026808738708,-0.32100969552993774
15,88,141746804168407,1.6348960399627686,5.504688262939453,-2.506481647491455,141746913177177,-3.386331558227539,0.6588181853294373,-0.29275718331336975
15,88,141746813252389,1.6289139986038208,5.251049518585205,-7.88913631439209,141746922261098,-3.931070566177368,0.671493649482727,-0.2765692472457886
15,88,141746822342720,2.314457654953003,5.741578102111816,-12.808181762695312,141746931341175,-4.483598232269287,0.8037459254264832,-0.24327708780765533
15,88,141746831412787,2.902493953704834,5.902495384216309,-16.45364761352539,141746940434740,-5.002375602722168,1.0986411571502686,-0.19654589891433716
15,88,141746840513310,2.6075785160064697,5.291129112243652,-18.27996826171875,141746949510850,-5.441434860229492,1.5346461534500122,-0.16401731967926025
15,88,141746849593142,1.679761528968811,4.814957141876221,-18.40559196472168,141746958599776,-5.806427001953125,2.052049160003662,-0.13729196786880493
15,88,141746858678223,0.4378865361213684,4.3752760887146,-17.7296199798584,141746967686323,-6.047107696533203,2.4051291942596436,-0.09941831976175308
15,88,141746867762878,-1.2430713176727295,3.6921253204345703,-16.146169662475586,141746976769024,-6.0481767654418945,2.2650883197784424,-0.055894169956445694
15,88,141746876843015,-1.810768485069275,2.991626501083374,-16.00977897644043,141746985851663,-5.802303314208984,1.4897476434707642,-0.04337143152952194
15,88,141746885929562,-1.3148560523986816,2.045863389968872,-16.644474029541016,141746994927895,-5.333922386169434,0.2921462953090668,-0.1238529309630394
15,88,141746895010615,-1.0235298871994019,1.43389892578125,-15.302699089050293,141747004015845,-4.530634880065918,-0.9760099649429321,-0.2909245789051056
15,88,141746904082940,-0.8500502705574036,1.0839486122131348,-13.880166053771973,141747013101354,-3.333033561706543,-1.996002197265625,-0.5012149214744568
15,88,141746913177177,-0.6245267391204834,0.786640465259552,-12.396018028259277,141747022186496,-1.7696765661239624,-2.5051584243774414,-0.7153232097625732
15,88,141746922261098,-0.6652047038078308,0.4911268353462219,-10.422536849975586,141747031269869,0.036651913076639175,-2.0644190311431885,-0.9370672702789307
15,88,141746931341175,-1.0109676122665405,0.15672987699508667,-7.41834831237793,141747040355499,1.7398968935012817,-1.3437508344650269,-1.116508960723877
15,88,141746940434740,-0.97148597240448,0.22612173855304718,-3.6095728874206543,141747049426665,3.0421090126037598,-0.770301103591919,-1.3168727159500122
15,88,141746949510850,-0.8273184299468994,0.38703906536102295,0.9930213689804077,141747058522916,3.8739547729492188,-0.37430769205093384,-1.5207489728927612
15,88,141746958599776,-0.8841479420661926,0.3601198196411133,6.166304111480713,141747067604945,4.244444370269775,-0.04734205827116966,-1.6966781616210938
15,88,141746967686323,-0.898504912853241,0.36191442608833313,11.529217720031738,141747076693078,4.344779014587402,0.1814269721508026,-1.7800613641738892
15,88,141746976769024,-0.7034898400306702,0.41515472531318665,17.0267276763916,141747085776573,4.402200222015381,0.26542094349861145,-1.7273741960525513
15,88,141746985851663,0.08434699475765228,0.39481574296951294,22.95315170288086,141747094853414,4.553083896636963,0.17043140530586243,-1.567785620689392
15,88,141746994927895,1.2610175609588623,0.5042873620986938,30.20280647277832,141747103935750,4.829653263092041,0.07040221989154816,-1.3535246849060059
15,88,141747004015845,2.531606435775757,1.6031911373138428,37.894535064697266,141747113022479,5.170210838317871,0.08750644326210022,-1.102917194366455
15,88,141747013101354,3.5018959045410156,3.524029493331909,44.4293327331543,141747122109025,5.424635887145996,0.18585574626922607,-0.8561276197433472
15,88,141747022186496,4.05703067779541,5.947360515594482,49.15575408935547,141747131193069,5.385387897491455,0.34987306594848633,-0.6450737118721008
15,88,141747031269869,3.5617165565490723,8.630910873413086,50.74518966674805,141747140279310,4.85668420791626,0.570242702960968,-0.49785518646240234
15,88,141747040355499,3.3194432258605957,9.773484230041504,43.8400993347168,141747149350293,3.849367380142212,0.7443392872810364,-0.41141775250434875
15,88,141747049426665,3.8739798069000244,10.077372550964355,35.71586990356445,141747158445994,2.512641429901123,0.7437284588813782,-0.3689626157283783
15,88,141747058522916,4.4512481689453125,9.832108497619629,26.778676986694336,141747167531198,1.0311405658721924,0.6149885654449463,-0.337503045797348
15,88,141747067604945,4.113262176513672,9.248259544372559,19.522441864013672,141747176614691,-0.5296201705932617,0.4964807331562042,-0.2942843437194824
15,88,141747076693078,3.0071799755096436,7.9860453605651855,13.766507148742676,141747185693304,-1.9770653247833252,0.38698312640190125,-0.2874121069908142
15,88,141747085776573,1.6911274194717407,6.861418724060059,9.588638305664062,141747194776249,-3.131906032562256,0.16462817788124084,-0.3208569586277008
15,88,141747094853414,0.7507480978965759,6.0879387855529785,5.982056617736816,141747203859988,-4.011246681213379,-0.11575896292924881,-0.38148534297943115
15,88,141747103935750,0.03768695518374443,5.1529436111450195,3.0753753185272217,141747212942994,-4.709465503692627,-0.323147714138031,-0.4576907753944397
15,88,141747113022479,-0.2709871530532837,4.243072986602783,-0.6765705943107605,141747222034301,-5.324454307556152,-0.35262197256088257,-0.5280929803848267
15,88,141747122109025,-0.27038896083831787,3.128615617752075,-5.863013744354248,141747231116269,-5.934861183166504,-0.2525927722454071,-0.5981897711753845
15,88,141747131193069,-0.12622138857841492,1.9920248985290527,-12.385250091552734,141747240197933,-6.529080390930176,-0.14034628868103027,-0.7104362845420837
15,88,141747140279310,0.08135596662759781,1.2400803565979004,-19.19342803955078,141747249285090,-7.018383502960205,-0.235030397772789,-0.8235990405082703
15,88,141747149350293,0.14715859293937683,0.9517452120780945,-25.126432418823242,141747258371880,-7.190647602081299,-0.5096143484115601,-0.8486445546150208
15,88,141747158445994,0.0,1.2287144660949707,-29.54418182373047,141747267450858,-6.775106430053711,-0.8315402865409851,-0.8281805515289307
15,88,141747167531198,-0.6550351977348328,1.0630114078521729,-30.630521774291992,141747276537832,-5.452430248260498,-1.109789490699768,-0.8316930532455444
15,88,141747176614691,-1.1467602252960205,0.7148557901382446,-29.709285736083984,141747285618335,-3.274848461151123,-1.223868489265442,-0.8746063113212585
15,88,141747185693304,-1.1461620330810547,0.15972091257572174,-26.80858612060547,141747294700792,-0.7728972434997559,-1.0627528429031372,-0.9477574229240417
15,88,141747194776249,-0.7998009920120239,-0.33798620104789734,-23.032114028930664,141747303783371,1.3953689336776733,-0.6482807397842407,-1.045495867729187
15,88,141747203859988,-0.534795880317688,-0.8913264274597168,-18.528223037719727,141747312866927,2.933833122253418,-0.1745547503232956,-1.0911580324172974
15,88,141747212942994,-0.26500511169433594,-1.333998680114746,-13.605589866638184,141747321954754,3.8657078742980957,0.16798794269561768,-1.1140655279159546
15,88,141747222034301,-0.42352959513664246,-1.831107497215271,-8.213961601257324,141747331039713,4.224133014678955,0.41493022441864014,-1.1023063659667969
15,88,141747231116269,-0.5533402562141418,-2.1744775772094727,-2.080559253692627,141747340123758,4.145331382751465,0.6788240075111389,-1.0458012819290161
15,88,141747240197933,-0.8213363885879517,-2.2432711124420166,5.431109428405762,141747349204749,3.8962512016296387,0.8797986507415771,-0.9405797719955444
15,88,141747249285090,-2.129014015197754,-2.8594231605529785,14.851054191589355,141747358291358,3.6917641162872314,0.9088147878646851,-0.8014551997184753
15,88,141747258371880,-3.153141975402832,-3.524627685546875,26.744579315185547,141747367376622,3.645643711090088,0.812908947467804,-0.6252205967903137
15,88,141747267450858,-2.266601324081421,-2.3330020904541016,39.0616340637207,141747376461643,3.710548162460327,0.5319108963012695,-0.43157628178596497
15,88,141747276537832,-0.4372883439064026,0.745364248752594,50.785865783691406,141747385540132,3.787822723388672,0.09239336848258972,-0.25702154636383057
15,88,141747285618335,1.0265209674835205,3.996013879776001,57.653865814208984,141747394614532,3.760639190673828,-0.3833179473876953,-0.12049316614866257
15,88,141747294700792,1.5792629718780518,7.050451755523682,57.216575622558594,141747403707182,3.584557294845581,-0.8532260060310364,-0.04688390716910362
15,88,141747303783371,1.1599208116531372,9.001200675964355,49.50151824951172,141747412790066,3.283400774002075,-1.3264938592910767,-0.027947084978222847
15,88,141747312866927,0.582054078578949,9.547362327575684,38.79184341430664,141747421878993,2.8939740657806396,-1.7915149927139282,-0.040164388716220856
15,88,141747321954754,0.29850462079048157,9.835697174072266,27.873991012573242,141747430962365,2.434298038482666,-2.1726949214935303,-0.08185594528913498
15,88,141747331039713,-0.22612173855304718,9.829116821289062,19.000207901000977,141747440046653,1.9088011980056763,-2.4379632472991943,-0.18555031716823578
15,88,141747340123758,-0.8913264274597168,9.576674461364746,12.821940422058105,141747449132467,1.3151928186416626,-2.607325553894043,-0.36453384160995483
15,88,141747349204749,-1.5876377820968628,9.147761344909668,8.526225090026855,141747458214740,0.6459900140762329,-2.704453229904175,-0.5772676467895508
15,88,141747358291358,-2.0572292804718018,8.659625053405762,5.8582282066345215,141747467299395,-0.07192938029766083,-2.6812403202056885,-0.8171849846839905
15,88,141747367376622,-2.2229323387145996,8.261817932128906,3.875176191329956,141747476384721,-0.8723155856132507,-2.584876298904419,-1.1003210544586182
15,88,141747376461643,-1.7994025945663452,7.850253105163574,1.256830096244812,141747485462295,-1.673770785331726,-2.486985206604004,-1.380555510520935
15,88,141747385540132,-1.0342975854873657,7.21735143661499,-1.4793626070022583,141747494546644,-2.3771820068359375,-2.2572999000549316,-1.5939000844955444
15,88,141747394614532,-0.12203395366668701,6.57966423034668,-4.329214572906494,141747503628979,-2.9666671752929688,-1.8167132139205933,-1.7299703359603882
15,88,141747403707182,0.6675975322723389,6.227321147918701,-7.070192813873291,141747512714792,-3.3870949745178223,-1.2635747194290161,-1.7918205261230469
15,88,141747412790066,1.1162517070770264,6.125027656555176,-9.607781410217285,141747521802132,-3.5749361515045166,-0.6792821288108826,-1.7817412614822388
15,88,141747421878993,1.2837493419647217,6.029912948608398,-11.627922058105469,141747530884467,-3.4906368255615234,-0.27550023794174194,-1.7064520120620728
15,88,141747430962365,1.5984054803848267,6.044270038604736,-13.034302711486816,141747539968450,-3.151911973953247,-0.3649919927120209,-1.5781704187393188
15,88,141747440046653,2.3700907230377197,6.333203315734863,-14.178071975708008,141747549053288,-2.6931521892547607,-0.9118691086769104,-1.459815263748169
15,88,141747449132467,3.1746773719787598,6.646064758300781,-15.15015697479248,141747558137392,-2.330909013748169,-1.5370897054672241,-1.3527610301971436
15,88,141747458214740,3.565305709838867,6.847660064697266,-15.595819473266602,141747567219665,-2.180941581726074,-1.9500346183776855,-1.2675453424453735
15,88,141747467299395,4.828117847442627,6.703492641448975,-15.534802436828613,141747576306518,-2.2203423976898193,-2.124131202697754,-1.185231328010559
15,88,141747476384721,6.0538411140441895,6.836892604827881,-15.150754928588867,141747585388242,-2.3542747497558594,-2.087631940841675,-1.0824532508850098
15,88,141747485462295,6.544968128204346,6.33798885345459,-13.52303695678711,141747594460994,-2.4416284561157227,-1.9153679609298706,-0.9589056968688965
15,88,141747494546644,6.080760478973389,4.849653244018555,-10.090533256530762,141747603551874,-2.3321306705474854,-1.6392568349838257,-0.821461021900177
15,88,141747503628979,5.222335338592529,3.6783666610717773,-5.737390518188477,141747612643975,-1.9188804626464844,-1.4095715284347534,-0.6947064995765686
15,88,141747512714792,4.166502475738525,3.0173492431640625,-1.0755738019943237,141747621727591,-1.213025689125061,-1.2483031749725342,-0.5966626405715942
15,88,141747521802132,3.16331148147583,2.785843849182129,4.113262176513672,141747630807301,-0.346818745136261,-1.0435105562210083,-0.4792237877845764
15,88,141747530884467,2.4711875915527344,2.864208698272705,8.26241683959961,141747639891345,0.5595525503158569,-0.8797986507415771,-0.280539870262146
15,88,141747539968450,2.11824631690979,2.96111798286438,10.628918647766113,141747648970018,1.4120149612426758,-0.8339837789535522,0.02932153269648552
15,88,141747549053288,1.8496519327163696,2.785843849182129,12.563515663146973,141747658062973,2.1510093212127686,-0.8307767510414124,0.39156460762023926
15,88,141747558137392,1.0408778190612793,2.788236618041992,14.182259559631348,141747667142744,2.6893341541290283,-0.8802568316459656,0.6957755088806152
15,88,141747567219665,0.004187439568340778,2.743969440460205,15.538990020751953,141747676228009,3.0019445419311523,-0.9634872078895569,0.8503243923187256
15,88,141747576306518,-1.2993026971817017,2.6009981632232666,17.0327091217041,141747685309855,3.0867021083831787,-1.0377073287963867,0.8617781400680542
15,88,141747585388242,-2.530410051345825,2.781656265258789,18.716659545898438,141747694391885,2.9668197631835938,-0.9984592199325562,0.7919867634773254
15,88,141747594460994,-3.6394832134246826,2.720639228820801,21.27638053894043,141747703475380,2.7400360107421875,-0.8109236359596252,0.6989825367927551
15,88,141747603551874,-4.160520553588867,2.6973092555999756,24.641286849975586,141747712563879,2.542879343032837,-0.5227479338645935,0.6452264189720154
15,88,141747612643975,-4.041477680206299,3.3296127319335938,27.20400047302246,141747721648045,2.4749205112457275,-0.18066339194774628,0.6911939978599548
15,88,141747621727591,-4.353142738342285,4.362115859985352,28.92324447631836,141747730732821,2.526691436767578,0.16859880089759827,0.8390234112739563
15,88,141747630807301,-6.059823513031006,5.384449005126953,29.516664505004883,141747739801972,2.668717622756958,0.517250120639801,1.0370965003967285
15,88,141747639891345,-9.095717430114746,6.399604320526123,28.12763023376465,141747748899505,2.8512134552001953,0.8121453523635864,1.2516628503799438
15,88,141747648970018,-12.29133129119873,7.412964344024658,25.59243392944336,141747757984525,3.003319025039673,1.0932960510253906,1.4563027620315552
15,88,141747658062973,-14.177474021911621,7.805387496948242,22.27239227294922,141747767069667,3.056617021560669,1.4456125497817993,1.6487252712249756
15,88,141747667142744,-13.858630180358887,7.125227451324463,18.375083923339844,141747776150965,2.9794952869415283,1.9084957838058472,1.8235855102539062
15,88,141747676228009,-12.044272422790527,5.990431308746338,14.458630561828613,141747785230004,2.814103364944458,2.387261390686035,1.952783465385437
15,88,141747685309855,-10.381858825683594,5.110470771789551,11.240882873535156,141747794313621,2.5592198371887207,2.7838656902313232,2.0667097568511963
15,88,141747694391885,-9.784850120544434,4.228715896606445,9.379266738891602,141747803398702,2.1850650310516357,3.1106784343719482,2.1755964756011963
15,88,141747703475380,-10.26640510559082,3.573082447052002,8.836095809936523,141747812482135,1.722181797027588,3.3623549938201904,2.2550089359283447
15,88,141747712563879,-11.403594970703125,3.208176851272583,9.080163955688477,141747821570879,1.2281445264816284,3.52331805229187,2.3183863162994385
15,88,141747721648045,-12.55872917175293,3.0580272674560547,9.528220176696777,141747830652909,0.7475463151931763,3.5880696773529053,2.398409605026245
15,88,141747730732821,-13.48056411743164,3.0107691287994385,9.787242889404297,141747839734328,0.3013092875480652,3.590360403060913,2.484999895095825
15,88,141747739801972,-13.46740436553955,2.6871397495269775,9.754341125488281,141747848822339,-0.10644327104091644,3.562413454055786,2.563190460205078
15,88,141747748899505,-12.806984901428223,2.5537400245666504,8.843274116516113,141747857907665,-0.46211954951286316,3.4466543197631836,2.7264442443847656
15,88,141747757984525,-11.898908615112305,2.427518606185913,7.648059368133545,141747866991586,-0.6496551632881165,3.4130568504333496,2.919325113296509
15,88,141747767069667,-11.068000793457031,2.0027925968170166,6.419344902038574,141747876075142,-0.6493497490882874,3.4324517250061035,3.0590603351593018
15,88,141747776150965,-9.875777244567871,1.7425731420516968,5.2630133628845215,141747885153326,-0.5021312236785889,3.4851388931274414,3.073721170425415
15,88,141747785230004,-8.46879768371582,1.6995022296905518,3.8835511207580566,141747894231450,-0.27641651034355164,3.575852394104004,3.023630142211914
15,88,141747794313621,-7.256234645843506,1.5625132322311401,2.4849462509155273,141747903320316,-0.04993823543190956,3.6839754581451416,2.9918651580810547
15,88,141747803398702,-6.115456581115723,1.4787644147872925,1.3615161180496216,141747912409487,0.15424346923828125,3.74918532371521,2.970637798309326
15,88,141747812482135,-4.7605204582214355,1.7940187454223633,0.6472585201263428,141747921489502,0.2733621895313263,3.6587774753570557,2.886949062347412
15,88,141747821570879,-3.3960134983062744,2.053640127182007,0.4181457459926605,141747930577818,0.26969701051712036,3.375030517578125,2.733469247817993
15,88,141747830652909,-2.1361923217773438,2.337787628173828,0.6550351977348328,141747939647641,0.2249511331319809,2.850908041000366,2.481945514678955
15,88,141747839734328,-0.9397810697555542,2.424527645111084,1.571486234664917,141747948735102,0.3006984293460846,1.7122552394866943,1.712560772895813
15,88,141747848822339,-0.19621145725250244,2.190629243850708,3.005385160446167,141747957830804,0.646906316280365,1.1902709007263184,0.3825543522834778
15,88,141747857907665,-0.20757736265659332,2.0374884605407715,4.745565414428711,141747966914848,1.1290316581726074,2.1290180683135986,-0.4369213581085205
15,88,141747866991586,0.7968099117279053,1.9770697355270386,7.596613883972168,141747975997000,1.6698001623153687,2.666274070739746,-1.2008084058761597
15,88,141747876075142,3.029911756515503,2.496910333633423,8.953344345092773,141747985076954,2.03540301322937,2.86999773979187,-1.362382173538208
15,88,141747885153326,5.654240131378174,3.4139597415924072,10.016355514526367,141747994157458,2.152689218521118,2.853046178817749,-1.012050986289978
15,88,141747894231450,7.840681552886963,3.8703906536102295,10.498509407043457,141748003243699,1.9060522317886353,2.684905529022217,-0.6214026808738708
15,88,141747903320316,9.541379928588867,3.972085475921631,10.703095436096191,141748012331466,1.3548991680145264,2.3652701377868652,-0.25595253705978394
15,88,141747912409487,11.042876243591309,3.9355950355529785,10.360921859741211,141748021405012,0.7338019013404846,1.8677204847335815,0.09193521738052368
15,88,141747921489502,12.095718383789062,4.6372904777526855,9.336793899536133,141748030496624,0.19318613409996033,1.3365731239318848,0.37140607833862305
15,88,141747930577818,11.93061351776123,6.048457622528076,8.398209571838379,141748039579263,-0.19089539349079132,0.8454375267028809,0.5488623976707458
15,88,141747939647641,13.36032485961914,9.781859397888184,6.826723098754883,141748048668191,-0.4086688458919525,0.43127086758613586,0.6963863968849182
15,88,141747948735102,24.674787521362305,24.996023178100586,2.8390841484069824,141748057755835,-0.45891252160072327,0.09666942805051804,0.8400924205780029
15,88,141747957830804,30.58625602722168,27.647869110107422,11.105090141296387,141748066834570,-0.35582900047302246,-0.076052725315094,0.88361656665802
15,88,141747966914848,21.753747940063477,11.992228507995605,16.360326766967773,141748075920322,-0.14844025671482086,-0.03436116874217987,0.7834346890449524
15,88,141747975997000,14.551950454711914,8.414361000061035,13.112070083618164,141748085001924,0.09178250283002853,0.08765916526317596,0.5907067060470581
15,88,141747985076954,5.729015827178955,5.542973518371582,9.164510726928711,141748094083466,0.2942843437194824,0.24785856902599335,0.34147366881370544
15,88,141747994157458,4.347160339355469,5.815755367279053,4.557130813598633,141748103166899,0.45265114307403564,0.4222606122493744,0.06414084881544113
15,88,141748003243699,6.015556335449219,6.684948444366455,1.1096714735031128,141748112255521,0.5392413139343262,0.5619960427284241,-0.18387043476104736
15,88,141748012331466,7.703692436218262,6.597012042999268,-0.7818548083305359,141748121339197,0.5372560024261475,0.6678284406661987,-0.3901901841163635
15,88,141748021405012,9.035896301269531,5.863013744354248,-0.7489534616470337,141748130423548,0.47540587186813354,0.7385360598564148,-0.5477933883666992
15,88,141748030496624,9.805787086486816,5.00578498840332,0.4331009089946747,141748139508445,0.3614795207977295,0.7651087045669556,-0.646295428276062
15,88,141748039579263,9.984052658081055,4.6887359619140625,1.555932879447937,141748148590292,0.1866193264722824,0.7961101531982422,-0.6774495840072632
15,88,141748048668191,9.091529846191406,5.089533805847168,2.6560330390930176,141748157673421,-0.020616702735424042,0.8407033085823059,-0.6433938145637512
15,88,141748057755835,8.636295318603516,5.412564754486084,3.5198421478271484,141748166763018,-0.23075434565544128,0.8727737069129944,-0.5716171264648438
15,88,141748066834570,9.292527198791504,6.010770320892334,4.676771640777588,141748175846513,-0.3871358633041382,0.8871290683746338,-0.49327367544174194
15,88,141748075920322,10.320842742919922,6.754340171813965,5.431109428405762,141748184923172,-0.4411974251270294,0.8425359129905701,-0.43615779280662537
15,88,141748085001924,10.930414199829102,7.288537979125977,5.218746185302734,141748193997634,-0.394618958234787,0.6754642724990845,-0.4254676401615143
15,88,141748094083466,11.179865837097168,7.723433494567871,4.648656368255615,141748203089489,-0.2952006161212921,0.3784310221672058,-0.47082439064979553
15,88,141748103166899,11.052447319030762,7.6839518547058105,3.5306098461151123,141748212179027,-0.2194533348083496,-0.011301007121801376,-0.5558874011039734
15,88,141748112255521,10.72582721710205,7.730013370513916,2.231905221939087,141748221261910,-0.21578814089298248,-0.41951170563697815,-0.6655376553535461
15,88,141748121339197,10.109675407409668,7.902296543121338,1.231107234954834,141748230345039,-0.26832255721092224,-0.79840087890625,-0.7993171811103821
15,88,141748130423548,9.517452239990234,8.031509399414062,0.22133609652519226,141748239430792,-0.35659259557724,-1.111163854598999,-0.9289733171463013
15,88,141748139508445,8.981459617614746,8.094321250915527,-0.6125625967979431,141748248514896,-0.4697553813457489,-1.3365731239318848,-1.0276280641555786
15,88,141748148590292,8.482556343078613,8.00100040435791,-0.8183453679084778,141748257599185,-0.6064364910125732,-1.4408783912658691,-1.0858129262924194
15,88,141748157673421,7.954938888549805,7.975277900695801,-0.6203392744064331,141748266683106,-0.7625125646591187,-1.4146112203598022,-1.1016954183578491
15,88,141748166763018,7.436892986297607,8.02193832397461,0.005982056725770235,141748275764647,-0.9332493543624878,-1.3242031335830688,-1.1009318828582764
15,88,141748175846513,7.141379356384277,8.0350980758667,1.1838489770889282,141748284844908,-1.078635334968567,-1.2953397035598755,-1.1088731288909912
15,88,141748184923172,6.8554368019104,7.996214866638184,2.2576282024383545,141748293927608,-1.1775954961776733,-1.4120149612426758,-1.164156436920166
15,88,141748193997634,6.7076802253723145,8.021339416503906,2.723032236099243,141748303012751,-1.2220358848571777,-1.663691520690918,-1.2791517972946167
15,88,141748203089489,6.62213659286499,7.978867053985596,2.5471596717834473,141748312103752,-1.226617455482483,-1.940108060836792,-1.425148606300354
15,88,141748212179027,6.369693756103516,7.694121360778809,2.266003131866455,141748321185478,-1.1937834024429321,-2.130392551422119,-1.5661057233810425
15,88,141748221261910,6.059823513031006,7.35314416885376,2.146361827850342,141748330268178,-1.11391282081604,-2.182468891143799,-1.659873604774475
15,88,141748230345039,5.6656060218811035,7.416553974151611,2.2259232997894287,141748339351855,-0.9734137654304504,-2.0865628719329834,-1.6653714179992676
15,88,141748239430792,4.981258392333984,7.4015984535217285,2.4185454845428467,141748348438402,-0.7631233930587769,-1.8304576873779297,-1.5807665586471558
15,88,141748248514896,4.025924205780029,7.23589563369751,2.8247270584106445,141748357519882,-0.4729624092578888,-1.4734070301055908,-1.441794753074646
15,88,141748257599185,2.661417007446289,7.0959153175354,3.452843189239502,141748366607039,-0.11942415684461594,-1.069472312927246,-1.2661709785461426
15,88,141748266683106,1.1264212131500244,7.048058986663818,4.180859565734863,141748375686444,0.25503623485565186,-0.6600399017333984,-1.0604621171951294
15,88,141748275764647,-0.3852444589138031,6.961319446563721,4.861019134521484,141748384768963,0.5754350423812866,-0.289702832698822,-0.8524624705314636
15,88,141748284844908,-1.734796404838562,6.964310169219971,5.384449005126953,141748393851969,0.8851437568664551,-0.051312681287527084,-0.6872233748435974
15,88,141748293927608,-2.7798616886138916,7.093522548675537,5.828317642211914,141748402934608,0.9750936627388,-0.07727445662021637,-0.5781839489936829
15,88,141748303012751,-3.586841106414795,7.341179847717285,6.429514408111572,141748412024329,0.8043568134307861,-0.19089539349079132,-0.4999932050704956
15,88,141748312103752,-4.356133460998535,7.636693477630615,7.296912670135498,141748421109654,0.5349652171134949,-0.2583959996700287,-0.4764748811721802
15,88,141748321185478,-5.096712112426758,7.960920810699463,8.250452041625977,141748430191135,0.3384193480014801,-0.3387247920036316,-0.4856378734111786
15,88,141748330268178,-5.771488189697266,8.066205024719238,9.122636795043945,141748439272859,0.29474249482154846,-0.36911532282829285,-0.5042692422866821
15,88,141748339351855,-6.385247230529785,8.051848411560059,10.05284595489502,141748448360443,0.30146199464797974,-0.3926336467266083,-0.5299255847930908
15,88,141748348438402,-6.7657060623168945,8.303094863891602,11.12602710723877,141748457446746,0.2716823220252991,-0.4343251883983612,-0.5560401082038879
15,88,141748357519882,-7.068996429443359,8.668000221252441,11.924033164978027,141748466529812,0.17302757501602173,-0.5450445413589478,-0.5879577994346619
15,88,141748366607039,-7.272386074066162,8.901898384094238,12.05623722076416,,,,
15,88,141748375686444,-7.319046497344971,9.014959335327148,11.371291160583496,,,,
15,88,141748384768963,-7.2125654220581055,9.18724250793457,9.821340560913086,,,,
15,88,141748393851969,-7.219145774841309,9.391828536987305,7.505686283111572,,,,
15,88,141748402934608,-7.4841508865356445,9.05982494354248,5.161318302154541,,,,
15,88,141748412024329,-7.141977310180664,8.883952140808105,3.7357943058013916,,,,
15,88,141748421109654,-6.499504566192627,9.008378982543945,3.219542980194092,,,,
15,88,141748430191135,-5.701498031616211,8.97667407989502,3.34576416015625,,,,
15,88,141748439272859,-4.862215518951416,8.692526817321777,3.7094733715057373,,,,
15,88,141748448360443,-3.9744784832000732,8.516654014587402,3.379862070083618,,,,
15,88,141748457446746,-3.16749906539917,8.182855606079102,2.702693223953247,,,,
15,88,141748466529812,-2.536990165710449,7.655237674713135,1.867598056793213,,,,
25,91,141819400891471,-0.6837490797042847,8.380861282348633,5.048855781555176,141819428124745,0.0039706239476799965,-0.4786129295825958,0.026572637259960175
25,91,141819428124745,-0.43968117237091064,8.59621524810791,3.9224345684051514,141819437242058,-0.03298672288656235,-0.5971207618713379,0.052839845418930054
25,91,141819437242058,-0.3966103494167328,8.633902549743652,3.7226338386535645,141819446326592,-0.08750644326210022,-0.7631233930587769,0.08964447677135468
25,91,141819446326592,-0.38225340843200684,8.681758880615234,3.841676712036133,141819455412530,-0.15195272862911224,-0.932485818862915,0.12858712673187256
25,91,141819455412530,-0.4498506486415863,8.597412109375,4.369294166564941,141819464495476,-0.22082778811454773,-1.107956886291504,0.16814066469669342
25,91,141819464495476,-0.3655036687850952,8.408378601074219,5.049454212188721,141819473580072,-0.28756481409072876,-1.3199270963668823,0.19013181328773499
25,91,141819473580072,-0.12442677468061447,8.37547779083252,6.058627128601074,141819482664423,-0.3387247920036316,-1.5572482347488403,0.17989981174468994
25,91,141819482664423,0.05563312768936157,8.534600257873535,7.5188469886779785,141819491748225,-0.3510948121547699,-1.8109099864959717,0.15012013912200928
25,91,141819491748225,0.04007977992296219,8.629117012023926,9.306285858154297,141819500834711,-0.26633724570274353,-2.0392208099365234,0.12171489745378494
25,91,141819500834711,0.380458801984787,8.775676727294922,11.96052360534668,141819509918451,-0.03237585723400116,-2.0693061351776123,0.08964447677135468
25,91,141819509918451,0.7926225066184998,9.221938133239746,14.880964279174805,141819518995966,0.40072759985923767,-1.9802724123001099,0.03894266113638878
25,91,141819518995966,1.0007981061935425,9.376275062561035,16.549957275390625,141819528078913,0.963792622089386,-1.7951802015304565,-6.108652451075613E-4
25,91,141819528078913,1.028315544128418,9.354142189025879,17.168502807617188,141819537163996,1.4653129577636719,-1.5493069887161255,0.005345070734620094
25,91,141819537163996,0.924227774143219,9.186046600341797,16.19342803955078,141819546252985,1.9650007486343384,-1.2687671184539795,-0.04306599870324135
25,91,141819546252985,0.9308080077171326,9.407382011413574,15.247065544128418,141819555336543,2.471255302429199,-0.9976956844329834,-0.09773843735456467
25,91,141819555336543,0.46899324655532837,8.788239479064941,13.767105102539062,141819564419490,2.90008282661438,-0.8151996731758118,-0.09300423413515091
25,91,141819564419490,0.061016976833343506,8.338388442993164,11.579466819763184,141819573504084,3.2287282943725586,-0.703411340713501,-0.060475658625364304
25,91,141819573504084,-0.18484555184841156,8.154739379882812,9.453444480895996,141819582589351,3.3903021812438965,-0.5303837656974792,-0.033597588539123535
25,91,141819582589351,-0.24047867953777313,8.13679313659668,7.58943510055542,141819591674800,3.422067165374756,-0.2955060601234436,-0.03680463135242462
25,91,141819591674800,-0.3481557071208954,8.11944580078125,5.910272121429443,141819600759151,3.385720729827881,-0.05390885844826698,-0.05497787147760391
25,91,141819600759151,-0.6370890140533447,7.9657063484191895,4.3070807456970215,141819609841365,3.313333034515381,0.14416420459747314,-0.06322455406188965
25,91,141819609841365,-0.997208833694458,7.878368377685547,2.6566312313079834,141819618920893,3.226590156555176,0.2814561724662781,-0.046731192618608475
25,91,141819618920893,-1.2759727239608765,7.833503246307373,1.0582258701324463,141819628001644,3.1054861545562744,0.3550654351711273,-0.005650503560900688
25,91,141819628001644,-1.332203984260559,7.6737823486328125,-0.4163511395454407,141819637088436,2.922837495803833,0.3880521357059479,0.04795292019844055
25,91,141819637088436,-1.098903775215149,7.493722438812256,-1.7892330884933472,141819646181088,2.666274070739746,0.384845107793808,0.09453139454126358
25,91,141819646181088,-0.6562315821647644,7.432106971740723,-2.9383862018585205,141819655252682,2.3527474403381348,0.3381139039993286,0.11789698898792267
25,91,141819655252682,-0.2709871530532837,7.423732280731201,-3.8123645782470703,141819664338436,2.0169243812561035,0.2635883390903473,0.12721268832683563
25,91,141819664338436,-0.1136590763926506,7.369893550872803,-4.353740692138672,141819673428585,1.6922494173049927,0.14385876059532166,0.13500121235847473
25,91,141819673428585,-0.16091732680797577,7.340581893920898,-4.715056896209717,141819682514034,1.403004765510559,0.0025961773935705423,0.14385876059532166
25,91,141819682514034,-0.32721850275993347,7.355536937713623,-4.792225360870361,141819691599789,1.1539244651794434,-0.14477506279945374,0.15821409225463867
25,91,141819691599789,-0.5078766345977783,7.342376232147217,-4.754538536071777,141819700683590,0.946382999420166,-0.27748554944992065,0.1742493063211441
25,91,141819700683590,-0.6550351977348328,7.347760200500488,-4.569693088531494,141819709765378,0.7883216142654419,-0.3776674270629883,0.19043724238872528
25,91,141819709765378,-0.7316055297851562,7.339385032653809,-4.3417768478393555,141819718845151,0.6733261942863464,-0.43188172578811646,0.20326541364192963
25,91,141819718845151,-0.7932206988334656,7.3160552978515625,-4.098905086517334,141819727929258,0.5816964507102966,-0.43386703729629517,0.21151208877563477
25,91,141819727929258,-0.8315058946609497,7.269395351409912,-3.985246181488037,141819737013364,0.48976120352745056,-0.3845396637916565,0.21471913158893585
25,91,141819737013364,-0.8081758618354797,7.24008321762085,-4.085146427154541,141819746089963,0.36621370911598206,-0.29077184200286865,0.2119702398777008
25,91,141819746089963,-0.7178468108177185,7.186842918395996,-4.336392879486084,141819755174192,0.20631973445415497,-0.18707747757434845,0.19898934662342072
25,91,141819755174192,-0.5796613097190857,7.119245529174805,-4.683351993560791,141819764269955,0.013439035043120384,-0.07941248267889023,0.17791450023651123
25,91,141819764269955,-0.4707878530025482,7.051050186157227,-5.087141036987305,141819773358151,-0.22831088304519653,0.017867809161543846,0.1563815027475357
25,91,141819773358151,-0.40378883481025696,6.983452796936035,-5.542973518371582,141819782438535,-0.5230533480644226,0.11820242553949356,0.13500121235847473
25,91,141819782438535,-0.2997010350227356,6.906284332275391,-5.818746566772461,141819791524169,-0.8527678847312927,0.22602014243602753,0.10934487730264664
25,91,141819791524169,-0.1950150430202484,6.838686943054199,-5.937191009521484,141819800608397,-1.203251838684082,0.32879820466041565,0.08979719132184982
25,91,141819800608397,-0.10049854964017868,6.781259536743164,-5.974878311157227,141819809690733,-1.559233546257019,0.4207334518432617,0.0731511116027832
25,91,141819809690733,-0.03888336941599846,6.69571590423584,-5.92223596572876,141819818769713,-1.911091923713684,0.5158756971359253,0.06475171446800232
25,91,141819818769713,-0.010767702013254166,6.577271461486816,-5.617749214172363,141819827850645,-2.2518019676208496,0.640644907951355,0.059864792972803116
25,91,141819827850645,0.040677983313798904,6.506682872772217,-5.123033046722412,141819836938414,-2.565023183822632,0.769079327583313,0.05314527451992035
25,91,141819836938414,0.16331014037132263,6.440282344818115,-4.4997029304504395,141819846030455,-2.831360340118408,0.8839219808578491,0.04108068719506264
25,91,141819846030455,0.2955136001110077,6.332006931304932,-3.809971809387207,141819855106565,-3.0192015171051025,0.8955284357070923,0.02871066704392433
25,91,141819855106565,0.45104706287384033,6.299105644226074,-3.091526746749878,141819864193969,-3.070361375808716,0.8691084980964661,0.023976460099220276
25,91,141819864193969,0.11306086927652359,6.274579048156738,-2.1750757694244385,141819873276793,-3.076622724533081,0.9046914577484131,0.014813481830060482
25,91,141819873276793,-0.05922235921025276,6.135197162628174,-0.9864411354064941,141819882352660,-3.059976816177368,1.010829210281372,-0.027030786499381065
25,91,141819882352660,-0.10348957777023315,6.041877269744873,-0.0023928226437419653,141819891450256,-3.0943379402160645,1.1340713500976562,-0.06475171446800232
25,91,141819891450256,-0.23210379481315613,5.876772403717041,0.3206382393836975,141819900534240,-3.185356855392456,1.2499829530715942,-0.09605856239795685
25,91,141819900534240,-0.2566302418708801,5.8061842918396,0.6059823632240295,141819909605224,-3.318678140640259,1.404226541519165,-0.1472185254096985
25,91,141819909605224,-0.23808585107326508,5.7649078369140625,1.342971682548523,141819918693358,-3.4820845127105713,1.624901533126831,-0.22159136831760406
25,91,141819918693358,-0.39182472229003906,5.648856163024902,2.379063844680786,141819927776245,-3.6554176807403564,1.8458820581436157,-0.3006984293460846
25,91,141819927776245,-0.7399803996086121,5.471786975860596,3.352942705154419,141819936862548,-3.8056905269622803,1.930639624595642,-0.36483925580978394
25,91,141819936862548,-1.0169496536254883,5.170291423797607,4.084548473358154,141819945953797,-3.9266417026519775,1.8023579120635986,-0.4063780903816223
25,91,141819945953797,-1.1335997581481934,4.753940582275391,4.954339504241943,141819955035828,-3.9941422939300537,1.4280502796173096,-0.41752639412879944
25,91,141819955035828,-1.144965648651123,4.3758745193481445,6.071787357330322,141819964118225,-3.992309808731079,0.8938485980033875,-0.39446622133255005
25,91,141819964118225,-1.2041879892349243,4.146761417388916,7.816753387451172,141819973202515,-3.914424419403076,0.3121521472930908,-0.34345898032188416
25,91,141819973202515,-1.191625714302063,4.160520553588867,9.842277526855469,141819982288574,-3.734677314758301,-0.24129177629947662,-0.2767219543457031
25,91,141819982288574,-0.997208833694458,4.572684288024902,11.849257469177246,141819991373719,-3.427412271499634,-0.6800457239151001,-0.19883663952350616
25,91,141819991373719,-0.8602197170257568,4.866403102874756,13.922638893127441,141820000457031,-2.981938600540161,-1.020297646522522,-0.12186761945486069
25,91,141820000457031,-0.5892325639724731,5.395814895629883,15.28774356842041,141820009539245,-2.434908866882324,-1.301142930984497,-0.08750644326210022
25,91,141820009539245,-0.26440688967704773,6.02811861038208,15.830316543579102,141820018619630,-1.8936822414398193,-1.4859297275543213,-0.09773843735456467
25,91,141820018619630,-0.2871387302875519,6.361319065093994,15.924833297729492,141820027704652,-1.4509576559066772,-1.497994303703308,-0.1160643994808197
25,91,141820027704652,-0.48095735907554626,6.5282182693481445,15.810575485229492,141820036787172,-1.1166616678237915,-1.3796391487121582,-0.13271047174930573
25,91,141820036787172,-0.5126622319221497,6.832107067108154,15.306288719177246,141820045876222,-0.860556423664093,-1.2258538007736206,-0.14294247329235077
25,91,141820045876222,-0.40677985548973083,7.063014030456543,14.498112678527832,141820054960634,-0.6870706677436829,-1.0412198305130005,-0.14233160018920898
25,91,141820054960634,-0.25363919138908386,7.21735143661499,13.75633716583252,141820064043336,-0.6020076870918274,-0.7924449443817139,-0.13775011897087097
25,91,141820064043336,-0.019740786403417587,7.453044414520264,13.153346061706543,141820073126894,-0.5642867684364319,-0.5209153294563293,-0.1437060534954071
25,91,141820073126894,0.28594231605529785,7.792825222015381,12.531211853027344,141820082212770,-0.5441282391548157,-0.26771169900894165,-0.15806138515472412
25,91,141820082212770,0.5102694034576416,7.952546119689941,12.17527961730957,141820091298402,-0.5313000679016113,-0.0455094613134861,-0.17088955640792847
25,91,141820091298402,0.6909275650978088,8.027321815490723,12.018549919128418,141820100370058,-0.5100724697113037,0.09834930300712585,-0.1840231567621231
25,91,141820100370058,0.7914260625839233,8.121838569641113,11.9192476272583,141820109452517,-0.4625777006149292,0.16554448008537292,-0.18448130786418915
25,91,141820109452517,0.7537391185760498,8.1553373336792,11.866605758666992,141820118542482,-0.3877467215061188,0.18096883594989777,-0.17088955640792847
25,91,141820118542482,0.5826523303985596,8.13679313659668,11.866007804870605,141820127627016,-0.2819143235683441,0.15913039445877075,-0.14324790239334106
25,91,141820127627016,0.35473597049713135,8.13798999786377,11.884552001953125,141820136713014,-0.14782938361167908,0.11652254313230515,-0.10476338863372803
25,91,141820136713014,0.14057832956314087,8.034500122070312,11.955140113830566,141820145800723,0.010537425056099892,0.07727445662021637,-0.060475658625364304
25,91,141820145800723,0.08793623000383377,7.930412292480469,11.979068756103516,141820154885439,0.18417587876319885,0.04398229718208313,-0.018020525574684143
25,91,141820154885439,0.11126625537872314,7.801798343658447,11.84148120880127,141820163969180,0.35323283076286316,0.020005837082862854,0.018020525574684143
25,91,141820163969180,0.11066804826259613,7.572685241699219,11.56570816040039,141820173051882,0.5004513263702393,0.016493361443281174,0.044745877385139465
25,91,141820173051882,0.14356936514377594,7.357929706573486,11.147562026977539,141820182137149,0.6203336715698242,0.025961773470044136,0.06200282275676727
25,91,141820182137149,0.1860419660806656,7.175477027893066,10.64806079864502,141820191222843,0.7199047207832336,0.028099801391363144,0.0734565481543541
25,91,141820191222843,0.21415762603282928,6.969694137573242,10.097113609313965,141820200305179,0.803135097026825,0.021532999351620674,0.08002334833145142
25,91,141820200305179,0.1950150430202484,6.774080753326416,9.631111145019531,141820209407535,0.8724682927131653,0.010995574295520782,0.08979719132184982
25,91,141820209407535,0.1663011759519577,6.625725746154785,9.160323143005371,141820218468021,0.9236282706260681,-0.0019853119738399982,0.10262536257505417
25,91,141820218468021,0.12323036789894104,6.491727828979492,8.723034858703613,141820227551456,0.9604328870773315,-0.005192354787141085,0.12278391420841217
25,91,141820227551456,0.09990034252405167,6.391229152679443,8.352147102355957,141820236636783,0.9915869832038879,0.01771509274840355,0.14523321390151978
25,91,141820236636783,0.12382857501506805,6.376274108886719,8.024331092834473,141820245727054,1.0340421199798584,0.06261368840932846,0.1609629988670349
25,91,141820245727054,0.1381855010986328,6.413362979888916,7.6911301612854,141820254793888,1.1377365589141846,0.11789698898792267,0.17638733983039856
25,91,141820254793888,-0.013160524889826775,6.403791427612305,7.210771083831787,141820263879948,1.1050552129745483,0.14126259088516235,0.1670716404914856
25,91,141820263879948,0.039481572806835175,6.330810546875,6.445067882537842,141820272980290,1.0077749490737915,0.13988813757896423,0.14294247329235077
25,91,141820272980290,0.07776673883199692,6.320042610168457,6.088537216186523,141820282062443,0.8880453705787659,0.13347405195236206,0.12736541032791138
25,91,141820282062443,0.1495514214038849,6.480959892272949,5.822335720062256,141820291146916,0.7870998978614807,0.11942415684461594,0.10354165732860565
25,91,141820291146916,0.29730820655822754,6.565905570983887,5.822933673858643,141820300232182,0.7188356518745422,0.15241087973117828,0.06933320313692093
25,91,141820300232182,0.33080771565437317,6.718447685241699,6.084349632263184,141820309315190,0.7188356518745422,0.2727513313293457,0.032528575509786606
25,91,141820309315190,0.22133609652519226,6.752545356750488,6.265007972717285,141820318393071,0.7550294399261475,0.4291328489780426,-0.0027488935738801956
25,91,141820318393071,0.050847481936216354,6.790830612182617,6.002993583679199,141820327476689,0.7609853744506836,0.5966626405715942,-0.01924225501716137
25,91,141820327476689,-0.014955141581594944,6.828517436981201,5.522634506225586,,,,
25,92,141823815735482,-0.09451649338006973,8.353941917419434,4.779065132141113,141823929305072,-0.1586722433567047,-0.44394633173942566,0.19654589891433716
25,92,141823833949298,-0.23688943684101105,8.37846851348877,4.802394866943359,141823938396021,-0.13759739696979523,-0.4612032473087311,0.23090706765651703
25,92,141823852113115,-0.2841476798057556,8.426324844360352,4.759922504425049,141823947475124,-0.10399980843067169,-0.4813618063926697,0.27977627515792847
25,92,141823870276932,-0.35533416271209717,8.412566184997559,4.802394866943359,141823956564357,-0.0679587572813034,-0.5390886068344116,0.3423899710178375
25,92,141823888436483,-0.5593222975730896,8.288139343261719,3.9792640209198,141823965651394,-0.043676864355802536,-0.6624833345413208,0.42562034726142883
25,92,141823906600300,-0.9110672473907471,8.409575462341309,4.320241451263428,141823974738309,-0.029168816283345222,-0.8778133392333984,0.5247332453727722
25,92,141823924764117,-1.054038405418396,8.477770805358887,4.985445976257324,141823983826810,-0.010995574295520782,-1.171334147453308,0.646906316280365
25,92,141823933858729,-1.1060823202133179,8.46879768371582,4.932804107666016,141823992907194,0.01542434748262167,-1.476613998413086,0.7863363027572632
25,92,141823942941432,-1.2484551668167114,8.487939834594727,4.804189682006836,141824001990752,0.044287730008363724,-1.7318029403686523,0.9028588533401489
25,92,141823952027431,-1.5804593563079834,8.560322761535645,4.607978343963623,141824011081206,0.06200282275676727,-1.8466455936431885,0.9563095569610596
25,92,141823961110011,-2.282752752304077,8.729615211486816,4.372883319854736,141824020161407,0.043218716979026794,-1.8399261236190796,1.0143417119979858
25,92,141823970184110,-3.19860577583313,8.933603286743164,4.174877166748047,141824029237762,0.02519819140434265,-1.7579174041748047,1.1012372970581055
25,92,141823979274990,-4.024727821350098,9.084351539611816,3.991826295852661,141824038322175,0.0754418596625328,-1.6145168542861938,1.2173017263412476
25,92,141823988358549,-4.409373760223389,9.09093189239502,3.933800458908081,141824047398469,0.22342395782470703,-1.492038369178772,1.3518447875976562
25,92,141823997441801,-4.314259052276611,9.067601203918457,4.18564510345459,141824056492342,0.4101960062980652,-1.4278974533081055,1.4558446407318115
25,92,141824006527739,-4.0767717361450195,9.239286422729492,5.0327043533325195,141824065579012,0.5555819272994995,-1.2933543920516968,1.4819591045379639
25,92,141824015616301,-3.8739798069000244,9.120841979980469,5.842076301574707,141824074662081,0.644768238067627,-1.0180069208145142,1.4448490142822266
25,92,141824024697173,-3.7130625247955322,9.21715259552002,6.650850772857666,141824083746676,0.7244861721992493,-0.6743952035903931,1.3972015380859375
25,92,141824033782380,-3.380460262298584,9.512666702270508,7.868797302246094,141824092833042,0.8487972617149353,-0.2838996350765228,1.3629931211471558
25,92,141824042866547,-2.582453727722168,9.777671813964844,9.05982494354248,141824101915806,1.0370965003967285,0.12690725922584534,1.325730323791504
25,92,141824051952730,-1.195214867591858,10.063015937805176,9.833903312683105,141824111001073,1.3371840715408325,0.5186246037483215,1.2744176387786865
25,92,141824061039339,0.5108676552772522,10.394421577453613,10.837692260742188,141824120083289,1.7145460844039917,0.8281805515289307,1.2082914113998413
25,92,141824070119601,2.2821545600891113,10.61695384979248,11.988639831542969,141824129165075,2.085035800933838,1.006095051765442,1.085965633392334
25,92,141824079199252,3.716651678085327,10.716256141662598,12.705887794494629,141824138247169,2.4613287448883057,1.1925616264343262,0.8700248003005981
25,92,141824088283848,5.1218366622924805,10.543972969055176,13.204792022705078,141824147332191,2.808147430419922,1.4231632947921753,0.5894849896430969
25,92,141824097367466,6.483951091766357,10.49073314666748,13.737195014953613,141824156415016,3.043177843093872,1.6885842084884644,0.2785545587539673
25,92,141824106451329,7.794619560241699,10.451848983764648,14.050056457519531,141824165493813,3.1140382289886475,1.9324722290039062,-0.04398229718208313
25,92,141824115540319,8.977272033691406,10.198209762573242,13.782658576965332,141824174587136,3.0607402324676514,2.0917553901672363,-0.34147366881370544
25,92,141824124624059,10.1276216506958,10.109077453613281,12.502498626708984,141824183670388,2.9471194744110107,2.1204659938812256,-0.5699372887611389
25,92,141824133708227,10.946565628051758,10.393224716186523,11.311470985412598,141824192757120,2.805704116821289,2.0257818698883057,-0.7221954464912415
25,92,141824142793006,11.58843994140625,10.330413818359375,10.063015937805176,141824201842753,2.6583328247070312,1.7999144792556763,-0.8057312369346619
25,92,141824151876685,12.012567520141602,10.158130645751953,8.143373489379883,141824210926128,2.495842695236206,1.465771198272705,-0.8524624705314636
25,92,141824160959267,12.07478141784668,9.734002113342285,5.804389476776123,141824220010173,2.324953079223633,1.092837929725647,-0.9372199773788452
25,92,141824170050637,11.612966537475586,8.885149002075195,3.6167514324188232,141824229088116,2.193769693374634,0.7238753437995911,-1.0908526182174683
25,92,141824179127237,10.860424041748047,7.904689788818359,1.5990036725997925,141824238169964,1.8648189306259155,0.29825496673583984,-1.2024881839752197
25,92,141824188208657,10.00857925415039,6.911668300628662,-0.13878370821475983,141824247252241,1.4697418212890625,-0.098502017557621,-1.4043792486190796
25,92,141824197293009,9.32722282409668,5.917450428009033,-1.7850457429885864,141824256337873,1.0476338863372803,-0.4242459237575531,-1.6131423711776733
25,92,141824206376383,9.083154678344727,5.044668197631836,-3.535395383834839,141824265427840,0.6114761233329773,-0.7738135457038879,-1.7765488624572754
25,92,141824215465312,9.148957252502441,4.46560525894165,-5.0943193435668945,141824274514326,0.20066922903060913,-1.0838276147842407,-1.9142990112304688
25,92,141824224548870,9.434301376342773,4.334000110626221,-5.968297958374023,141824283597763,-0.20906862616539001,-1.3242031335830688,-2.0584630966186523
25,92,141824233632854,9.024530410766602,3.4229328632354736,-8.099106788635254,141824292668991,-0.6435465216636658,-1.4915802478790283,-2.205070734024048
25,92,141824242704572,8.892925262451172,3.45882511138916,-9.573084831237793,141824301765732,-1.1078041791915894,-1.5569428205490112,-2.3234260082244873
25,92,141824251800397,7.99382209777832,2.953341245651245,-9.823135375976562,141824310852158,-1.5929838418960571,-1.538158655166626,-2.387261390686035
25,92,141824260888472,6.733402729034424,2.468794822692871,-10.311270713806152,141824319935106,-2.0845775604248047,-1.4659239053726196,-2.3944389820098877
25,92,141824269967818,5.84446907043457,2.134995937347412,-10.475777626037598,141824329012744,-2.5589144229888916,-1.3490959405899048,-2.336101531982422
25,92,141824279049179,5.282155990600586,1.6528422832489014,-10.42492961883545,141824338098010,-2.976440906524658,-1.2148582935333252,-2.2204952239990234
25,92,141824288129379,4.66779899597168,1.2035897970199585,-10.502696990966797,141824347183155,-3.3182199001312256,-1.094365119934082,-2.0644190311431885
25,92,141824297217270,3.73459792137146,0.7136593461036682,-10.290931701660156,141824356265125,-3.589444160461426,-0.9720393419265747,-1.8664987087249756
25,92,141824306304978,2.5974090099334717,0.2350948303937912,-9.937392234802246,141824365345021,-3.7930150032043457,-0.7718282341957092,-1.614822268486023
25,92,141824315390672,1.327418327331543,-0.22911277413368225,-9.394221305847168,141824374437001,-3.9093849658966064,-0.5366451144218445,-1.3348932266235352
25,92,141824324473070,0.04247260093688965,-0.5300102233886719,-8.456833839416504,141824383523672,-3.9011380672454834,-0.361174076795578,-1.060920238494873
25,92,141824333557848,-1.2747762203216553,-0.7399803996086121,-7.2436723709106445,141824392593801,-3.785684585571289,-0.26679539680480957,-0.7709119319915771
25,92,141824342643664,-2.6727828979492188,-0.8255237936973572,-5.816353797912598,141824401692008,-3.6561810970306396,-0.1872301995754242,-0.46105054020881653
25,92,141824351726856,-4.304089546203613,-0.9475577473640442,-4.18564510345459,141824410763602,-3.5938730239868164,-0.1440114825963974,-0.1927279829978943
25,92,141824360809802,-6.230311870574951,-1.0857433080673218,-1.9471594095230103,141824419861076,-3.626859664916992,-0.11071932315826416,0.028557950630784035
25,92,141824369891652,-8.065607070922852,-0.9864411354064941,0.381655216217041,141824428937675,-3.707035779953003,-0.010537425056099892,0.22663100063800812
25,92,141824378976490,-9.524630546569824,-0.6472585201263428,2.407179594039917,141824438021905,-3.8001925945281982,0.0708603709936142,0.44257187843322754
25,92,141824388055227,-10.911271095275879,-0.2231307178735733,4.000201225280762,141824447106500,-3.8928914070129395,0.046731192618608475,0.6748533844947815
25,92,141824397142080,-12.169896125793457,0.28953152894973755,5.4179487228393555,141824456195978,-3.9738311767578125,-0.07910704612731934,0.9300423264503479
25,92,141824406231803,-12.503694534301758,1.4632110595703125,6.214758396148682,141824465276605,-4.0547709465026855,-0.26083946228027344,1.225395679473877
25,92,141824415316519,-12.686147689819336,2.373081922531128,6.75075101852417,141824474358088,-4.096309661865234,-0.47051894664764404,1.5138767957687378
25,92,141824424401542,-12.93200969696045,2.8761727809906006,7.762914657592773,141824483448481,-4.0188822746276855,-0.7275404930114746,1.7467691898345947
25,92,141824433481805,-13.055838584899902,3.1064820289611816,8.536993026733398,141824492534664,-3.8037052154541016,-0.9760099649429321,1.9263635873794556
25,92,141824442568536,-13.068999290466309,3.445664644241333,9.135796546936035,141824501616879,-3.450777769088745,-1.1591167449951172,2.0447187423706055
25,92,141824451653437,-13.068401336669922,3.8464624881744385,9.863214492797852,141824510700741,-2.9686524868011475,-1.275792121887207,2.1012237071990967
25,92,141824460737237,-13.050455093383789,3.9391841888427734,11.051849365234375,141824519784055,-2.3819162845611572,-1.3222178220748901,2.116189956665039
25,92,141824469808894,-12.510274887084961,4.0217366218566895,13.04088306427002,141824528863646,-1.7310394048690796,-1.2829697132110596,2.10809588432312
25,92,141824478898982,-11.517253875732422,4.540380954742432,15.373287200927734,141824537947082,-1.0502300262451172,-1.2391401529312134,2.068389654159546
25,92,141824487984615,-10.168299674987793,5.2283172607421875,17.683557510375977,141824547030822,-0.40683624148368835,-1.2250902652740479,2.0063869953155518
25,92,141824497068905,-8.45743179321289,5.976074695587158,19.93699836730957,141824556115906,0.11499538272619247,-1.1381946802139282,1.9472856521606445
25,92,141824506155880,-6.684948444366455,6.622735023498535,21.739391326904297,141824565204224,0.5198463201522827,-0.9265298843383789,1.8846720457077026
25,92,141824515241025,-5.106881618499756,7.112665176391602,22.989641189575195,141824574286866,0.8306240439414978,-0.6902777552604675,1.8466455936431885
25,92,141824524324949,-3.6436707973480225,7.393223762512207,24.006591796875,141824583373231,1.1032226085662842,-0.4034765064716339,1.8096883296966553
25,92,141824533407347,-2.018345832824707,7.808976650238037,24.28714942932129,141824592452456,1.3975069522857666,-0.07162395119667053,1.7238616943359375
25,92,141824542492919,-0.4253242313861847,8.047660827636719,23.749961853027344,141824601541872,1.7321083545684814,0.23777928948402405,1.5635095834732056
25,92,141824551576842,1.0049854516983032,8.053643226623535,23.10748863220215,141824610622684,2.0926716327667236,0.5668829679489136,1.342529058456421
25,92,141824560662781,2.4646072387695312,8.303094863891602,22.759931564331055,141824619709536,2.464535713195801,0.9480628371238708,1.0910053253173828
25,92,141824569737365,3.733999729156494,8.585447311401367,22.012771606445312,141824628791264,2.8148670196533203,1.3562735319137573,0.8637634515762329
25,92,141824578823488,5.198407173156738,8.8438720703125,21.531814575195312,141824637871220,3.104417085647583,1.6882787942886353,0.7008151412010193
25,92,141824587907044,7.200601577758789,9.33320426940918,21.294925689697266,141824646955449,3.3296737670898438,1.846798300743103,0.6443101167678833
25,92,141824596992495,9.393025398254395,10.04447078704834,20.70688819885254,141824656048101,3.4800992012023926,1.8635971546173096,0.7035640478134155
25,92,141824606078432,11.305488586425781,10.642677307128906,20.184656143188477,141824665129279,3.5750887393951416,1.7788395881652832,0.8103127479553223
25,92,141824615152591,12.497713088989258,10.521839141845703,19.655841827392578,141824674213141,3.6251797676086426,1.6392568349838257,0.8969029188156128
25,92,141824624248294,12.28415298461914,8.96112060546875,18.8243350982666,141824683296028,3.6196820735931396,1.5114333629608154,0.9436340928077698
25,92,141824633334905,10.932208061218262,6.476772785186768,17.285751342773438,141824692371406,3.567453145980835,1.4341589212417603,0.9538660645484924
25,92,141824642405340,9.361320495605469,4.914857864379883,14.871393203735352,141824701466683,3.4993414878845215,1.3773484230041504,0.9101892113685608
25,92,141824651502629,7.87777042388916,3.889533281326294,12.528221130371094,141824710550118,3.4316883087158203,1.284038782119751,0.8141306638717651
25,92,141824660587287,7.244270324707031,2.8564319610595703,10.477572441101074,141824719633615,3.367241859436035,1.1766791343688965,0.6753115057945251
25,92,141824669670782,7.2436723709106445,2.3156540393829346,8.770891189575195,141824728715708,3.3087515830993652,1.0667234659194946,0.5151121020317078
25,92,141824678749092,7.272984504699707,2.084148406982422,7.3399834632873535,141824737795664,3.2510247230529785,0.9419541954994202,0.34956762194633484
25,92,141824687830268,7.2783684730529785,1.9818553924560547,6.232106685638428,141824746881847,3.17634654045105,0.8127561807632446,0.17669276893138885
25,92,141824696917245,7.393822193145752,2.1744775772094727,5.281557559967041,141824755971569,3.087160348892212,0.6774495840072632,0.016493361443281174
25,92,141824706009469,7.452445983886719,2.4287149906158447,4.235296249389648,141824765051586,2.981175184249878,0.5186246037483215,-0.12828169763088226
25,92,141824715078684,7.34476900100708,2.6464617252349854,3.4265220165252686,141824774136914,2.8486173152923584,0.3323107063770294,-0.2669481039047241
25,92,141824724172800,7.146164894104004,2.8217360973358154,2.736790895462036,141824783225844,2.6836836338043213,0.11713340878486633,-0.40744712948799133
25,92,141824733257700,6.914659023284912,2.9306094646453857,1.984248161315918,141824792293836,2.4921774864196777,-0.08567385375499725,-0.5401576161384583
25,92,141824742336985,6.787241458892822,3.115455150604248,1.3280165195465088,141824801391555,2.2704334259033203,-0.24297164380550385,-0.6485861539840698
25,92,141824751427990,6.631708145141602,3.3003005981445312,0.6807580590248108,141824810476211,2.029599666595459,-0.3816380500793457,-0.7278459668159485
25,92,141824760512035,6.476174354553223,3.480360507965088,-0.03290131315588951,141824819558670,1.7658586502075195,-0.48456886410713196,-0.7819074988365173
25,92,141824769585278,6.297310829162598,3.6747772693634033,-0.8039883971214294,141824828637283,1.4815009832382202,-0.531147301197052,-0.8135197758674622
25,92,141824778674511,6.099305152893066,3.9637107849121094,-1.6654045581817627,141824837723405,1.1814134120941162,-0.5532912015914917,-0.8420777320861816
25,92,141824787754957,5.660222053527832,4.401597023010254,-2.4945175647735596,141824846802689,0.8839219808578491,-0.5955936312675476,-0.878576934337616
25,92,141824796841687,5.015954494476318,4.884349346160889,-3.0861430168151855,141824855894426,0.5972734689712524,-0.6522513628005981,-0.9283624291419983
25,92,141824805934890,4.405784606933594,5.389832973480225,-3.7016966342926025,141824864978899,0.3219259977340698,-0.7104362845420837,-1.0077749490737915
25,92,141824815017043,3.7806596755981445,5.767899036407471,-4.122235298156738,141824874064838,0.06918048858642578,-0.7661777138710022,-1.111163854598999
25,92,141824824093704,3.125624656677246,6.022734642028809,-4.2622151374816895,141824883149371,-0.15042556822299957,-0.8080220222473145,-1.2055425643920898
25,92,141824833182450,2.5806591510772705,6.353542327880859,-4.34955358505249,141824892219807,-0.31902438402175903,-0.7805330753326416,-1.2785409688949585
25,92,141824842267900,2.2540390491485596,6.668796539306641,-4.4650068283081055,141824901316791,-0.4268420934677124,-0.6786713004112244,-1.3167200088500977
25,92,141824851341570,2.0506489276885986,6.888338088989258,-4.313661098480225,141824910400838,-0.4769330322742462,-0.5381723046302795,-1.322981357574463
25,92,141824860426897,2.070389747619629,7.207779884338379,-3.900300979614258,141824919483724,-0.4977024495601654,-0.37950003147125244,-1.316261887550354
25,92,141824869506977,2.1852452754974365,7.551149845123291,-3.363112211227417,141824928556112,-0.5169447064399719,-0.23228150606155396,-1.313360333442688
25,92,141824878599017,2.11824631690979,7.637889862060547,-2.7828526496887207,141824937647300,-0.5526803135871887,-0.13469578325748444,-1.3246612548828125
25,92,141824887679951,1.8843477964401245,7.564908981323242,-1.8424733877182007,141824946731834,-0.6081163287162781,-0.10674870014190674,-1.3559681177139282
25,92,141824896767109,1.4895321130752563,7.64028263092041,-0.9355936646461487,141824955819665,-0.6765332818031311,-0.09773843735456467,-1.3706289529800415
25,92,141824905859150,1.0097711086273193,7.6630144119262695,-0.2757728099822998,141824964906334,-0.7556403279304504,-0.08643743395805359,-1.3449726104736328
25,92,141824914940755,0.5479564070701599,7.623532772064209,0.19322042167186737,141824973987084,-0.8498662710189819,-0.07254024595022202,-1.278693675994873
25,92,141824924021871,0.13938191533088684,7.639684677124023,0.3445664644241333,141824983074914,-0.9563095569610596,-0.05009094998240471,-1.1794281005859375
25,92,141824933103414,-0.13100704550743103,7.593024253845215,0.1866401731967926,141824992156092,-1.067945122718811,-0.034666601568460464,-1.0702359676361084
25,92,141824942194053,-0.2877369225025177,7.555337429046631,-0.20398813486099243,141825001244105,-1.1887437105178833,-0.02886338345706463,-0.9622654914855957
25,92,141824951278038,-0.9146564602851868,7.476972579956055,-0.4576273262500763,141825010327236,-1.3148874044418335,-0.04138612002134323,-0.8845328688621521
25,92,141824960361474,-1.7126628160476685,7.523034572601318,-0.5934200286865234,141825019407253,-1.4422528743743896,-0.08659014850854874,-0.8321511745452881
25,92,141824969450035,-2.4909284114837646,7.70249605178833,-0.7573283910751343,141825028487759,-1.5654948949813843,-0.16584990918636322,-0.780380368232727
25,92,141824978525048,-3.184248685836792,7.786244869232178,-0.8309076428413391,141825037565457,-1.679115891456604,-0.26419922709465027,-0.7082982659339905
25,92,141824987607934,-3.6496527194976807,7.7838521003723145,-0.8560323119163513,141825046655485,-1.7751743793487549,-0.40515637397766113,-0.6110179424285889
25,92,141824996691492,-3.8494534492492676,7.708477973937988,-0.8422735929489136,141825055742154,-1.8420641422271729,-0.6015495657920837,-0.48319441080093384
25,92,141825005782007,-3.8117663860321045,7.675576686859131,-0.7136593461036682,141825064828765,-1.879937767982483,-0.816421389579773,-0.337503045797348
25,92,141825014864406,-3.8356947898864746,7.652246952056885,-0.5048855543136597,141825073916655,-1.8939876556396484,-1.0010554790496826,-0.19165897369384766
25,92,141825023947902,-4.11625337600708,7.621140003204346,-0.19621145725250244,141825082996246,-1.896889328956604,-1.1189523935317993,-0.05910121276974678
25,92,141825033031460,-4.5200419425964355,7.747959613800049,0.3397808074951172,141825092077484,-1.8999435901641846,-1.1339186429977417,0.05390885844826698
25,92,141825042118436,-4.913661479949951,7.99800968170166,0.8374879360198975,141825101166718,-1.913382649421692,-1.0364855527877808,0.13775011897087097
25,92,141825051204617,-5.279164791107178,8.15234661102295,1.168893814086914,141825110252106,-1.9460639953613281,-0.8675813674926758,0.18585574626922607
25,92,141825060276763,-5.526822090148926,8.159524917602539,1.567897081375122,141825119332369,-1.9706512689590454,-0.6678284406661987,0.21135938167572021
25,92,141825069369780,-5.574080467224121,8.193622589111328,1.9956140518188477,141825128412508,-1.976149082183838,-0.4804455041885376,0.242513507604599
25,92,141825078448883,-5.498706340789795,8.161319732666016,2.5328028202056885,141825137493991,-1.9321668148040771,-0.3029891550540924,0.30115658044815063
25,92,141825087531280,-5.343173027038574,7.966903209686279,3.218346357345581,141825146583042,-1.8359555006027222,-0.1365283876657486,0.370947927236557
25,92,141825096616975,-5.012365341186523,7.710272789001465,4.165306091308594,141825155669834,-1.7046194076538086,-0.012828170321881771,0.43539419770240784
25,92,141825105707673,-4.453640937805176,7.552944660186768,5.170889854431152,141825164752721,-1.568701982498169,0.05742133408784866,0.48319441080093384
25,92,141825114790071,-4.012763500213623,7.510472297668457,6.38464879989624,141825173836583,-1.4407256841659546,0.09392052888870239,0.5258022546768188
25,92,141825123872957,-3.7573297023773193,7.568498134613037,7.493124008178711,141825182921789,-1.3028228282928467,0.11026117950677872,0.5632177591323853
25,92,141825132957187,-3.6059837341308594,7.646264553070068,8.563314437866211,141825192006201,-1.1342240571975708,0.06062837690114975,0.5894849896430969
25,92,141825142043429,-3.4259238243103027,7.747361660003662,9.500701904296875,141825201089210,-0.9472993016242981,-0.07681630551815033,0.6137668490409851
25,92,141825151128696,-3.1794631481170654,7.718647480010986,10.095318794250488,141825210175758,-0.7313584089279175,-0.2588541507720947,0.6733261942863464
25,92,141825160211948,-2.999403238296509,7.680362701416016,10.433902740478516,141825219255654,-0.47082439064979553,-0.4576907753944397,0.7191411256790161
25,92,141825169289891,-2.995215654373169,7.581658363342285,10.866405487060547,141825228334755,-0.2243402600288391,-0.6646214127540588,0.7564038634300232
25,92,141825178374242,-2.89172625541687,7.491927623748779,11.584851264953613,141825237420022,-0.0019853119738399982,-0.8045095205307007,0.7652614116668701
25,92,141825187450537,-2.706880569458008,7.502097129821777,12.170494079589844,141825246505716,0.1941024363040924,-0.8407033085823059,0.7515169382095337
25,92,141825196540624,-2.3844478130340576,7.45782995223999,12.394821166992188,141825255596171,0.35414913296699524,-0.6708827614784241,0.726471483707428
25,92,141825205631507,-2.0656042098999023,7.699504852294922,12.500105857849121,141825264677774,0.47540587186813354,-0.40912699699401855,0.7003570199012756
25,92,141825214715064,-1.594218134880066,8.035696983337402,12.853046417236328,141825273761638,0.5754350423812866,-0.15592335164546967,0.6776022911071777
25,92,141825223797341,-1.280758261680603,7.981259822845459,12.735199928283691,141825282847453,0.6728680729866028,0.07864890247583389,0.6470590233802795
25,92,141825232882667,-0.747757077217102,8.193024635314941,12.722638130187988,141825291933697,0.7745771408081055,0.2719877362251282,0.6082690954208374
25,92,141825241968362,-0.20997019112110138,8.513663291931152,12.576675415039062,141825301016827,0.8854491710662842,0.40851613879203796,0.5647448897361755
25,92,141825251053812,0.13220344483852386,8.664410591125488,12.791431427001953,141825310095624,1.0056369304656982,0.49235737323760986,0.5164865851402283
25,92,141825260137613,0.39421752095222473,8.73918628692627,12.625728607177734,141825319178266,1.1366674900054932,0.5329799056053162,0.4674646258354187
25,92,141825269214641,0.9026923179626465,8.782855987548828,12.108879089355469,141825328264570,1.279915452003479,0.5375614166259766,0.4259257912635803
25,92,141825278298991,1.3639088869094849,8.81814956665039,11.739786148071289,141825337344832,1.4259121417999268,0.5164865851402283,0.3911064863204956
25,92,141825287383526,1.8442680835723877,8.85763168334961,11.284551620483398,141825346430709,1.561829686164856,0.5051855444908142,0.36224308609962463
25,92,141825296467083,2.1960129737854004,8.831310272216797,10.814960479736328,141825355516770,1.6627751588821411,0.5216789245605469,0.3344487249851227
25,92,141825305554792,2.4293131828308105,8.72901725769043,10.331011772155762,141825364605026,1.7201964855194092,0.5520694851875305,0.29367345571517944
25,92,141825314636212,2.6195425987243652,8.703293800354004,9.780064582824707,141825373690172,1.7282904386520386,0.5520694851875305,0.2373211532831192
25,92,141825323724593,2.6769702434539795,8.68774127960205,9.181260108947754,141825382772569,1.7008016109466553,0.5157229900360107,0.17333301901817322
25,92,141825332808516,2.6871397495269775,8.733802795410156,8.520243644714355,141825391856310,1.6552921533584595,0.46105054020881653,0.11484266817569733
25,92,141825341892379,2.682952404022217,8.69910717010498,7.878368377685547,141825400939624,1.6087136268615723,0.3831652104854584,0.06658431142568588
25,92,141825350978622,2.640479803085327,8.59322452545166,7.259823799133301,141825410025195,1.5771013498306274,0.2968805134296417,0.031154127791523933
25,92,141825360050278,2.6261229515075684,8.47298526763916,6.561119556427002,141825419109913,1.571908950805664,0.23839016258716583,0.009468411095440388
25,92,141825369140061,2.654836654663086,8.352147102355957,5.743372440338135,141825428188282,1.584126353263855,0.22708915174007416,-0.0027488935738801956
25,92,141825378223497,2.617149829864502,8.189435958862305,5.015954494476318,141825437273793,1.6018413305282593,0.2548835277557373,-0.013439035043120384
25,92,141825387308153,2.5124638080596924,8.055437088012695,4.526023864746094,141825446355520,1.6076445579528809,0.30833423137664795,-0.023976460099220276
25,92,141825396392382,2.3599212169647217,7.874779224395752,4.168895244598389,141825455445975,1.588555097579956,0.3627012372016907,-0.038026362657547
25,92,141825405468859,2.2271196842193604,7.7180495262146,3.954737663269043,141825464527884,1.536784291267395,0.40744712948799133,-0.060322944074869156
25,92,141825414562366,2.1026928424835205,7.599604606628418,3.8877387046813965,141825473611807,1.4454598426818848,0.46181413531303406,-0.09117163717746735
25,92,141825423648242,2.0027925968170166,7.514061450958252,3.768695592880249,141825482697563,1.3176363706588745,0.5297728776931763,-0.12858712673187256
25,92,141825432733693,1.9555343389511108,7.418946743011475,3.5024940967559814,141825491781364,1.1630873680114746,0.5855143666267395,-0.168751522898674
25,92,141825441817678,1.8795621395111084,7.313662528991699,3.11246395111084,141825500866876,0.9918924570083618,0.6229298114776611,-0.21349740028381348
25,92,141825450902700,1.827518343925476,7.246065139770508,2.541775941848755,141825509950616,0.8275696635246277,0.6539312601089478,-0.2681698501110077
25,92,141825459991386,1.7802600860595703,7.245467185974121,1.908874273300171,141825519028437,0.6733261942863464,0.6835582256317139,-0.31871894001960754
25,92,141825469066275,1.7527425289154053,7.287341594696045,1.3621143102645874,141825528115350,0.531758189201355,0.7043276429176331,-0.36300668120384216
25,92,141825478149223,1.72941255569458,7.405188083648682,0.8817551732063293,141825537196650,0.41172316670417786,0.6872233748435974,-0.403781920671463
25,92,141825487232780,1.740180253982544,7.642077445983887,0.4013960063457489,141825546281796,0.32131510972976685,0.6363688707351685,-0.44745880365371704
25,92,141825496317132,1.841277003288269,7.892725467681885,0.03529413416981697,141825555369319,0.24587325751781464,0.5684100985527039,-0.49006664752960205
25,92,141825505406975,1.932204246520996,8.039285659790039,-0.031106693670153618,141825564452695,0.18035796284675598,0.5105306506156921,-0.5328271985054016
25,92,141825514478510,1.8993029594421387,8.134998321533203,-0.031106693670153618,141825573538266,0.1270599663257599,0.5201517343521118,-0.5725334286689758
25,92,141825523572687,1.7282161712646484,8.183453559875488,-0.012562318705022335,141825582625120,0.096211276948452,0.5687155723571777,-0.6021603941917419
25,92,141825532658809,1.5385849475860596,8.141578674316406,-0.02273181453347206,141825591706968,0.14233160018920898,0.6438519954681396,-0.6027712821960449
25,92,141825541743037,1.3770694732666016,8.127820014953613,-0.04666004329919815,141825600792419,0.11178833991289139,0.6869179606437683,-0.6053674817085266
25,92,141825550828060,1.2340983152389526,8.066205024719238,-0.10887342691421509,141825609874694,-0.010537425056099892,0.6837109327316284,-0.6178901791572571
25,92,141825559909297,1.0911271572113037,7.967501163482666,-0.05742774158716202,141825618953980,-0.21334469318389893,0.6501133441925049,-0.6343835592269897
25,92,141825568989865,0.9433703422546387,7.9351983070373535,0.1944168359041214,141825628037720,-0.4688390791416168,0.5659666657447815,-0.6646214127540588
25,92,141825578077511,0.7914260625839233,7.922037601470947,0.26081767678260803,141825637122194,-0.7422012686729431,0.4179845452308655,-0.699288010597229
25,92,141825587158079,0.5156532526016235,7.861020565032959,0.16450655460357666,141825646211244,-0.988379955291748,0.22846360504627228,-0.7336491346359253
25,92,141825596246520,0.06999006122350693,7.947760581970215,-0.29312077164649963,141825655294252,-1.160033106803894,0.06429356336593628,-0.7623597979545593
25,92,141825605333373,-0.3565305769443512,7.9866437911987305,-0.898504912853241,141825664377749,-1.2415835857391357,-0.05726861581206322,-0.7819074988365173
25,92,141825614414550,-0.8512466549873352,7.855038642883301,-1.2897313833236694,,,,
25,92,141825623498352,-1.368694543838501,7.800003528594971,-1.5810575485229492,,,,
25,92,141825632583741,-1.72941255569458,7.816154956817627,-1.6444673538208008,,,,
25,92,141825641669191,-1.8436698913574219,7.874181270599365,-1.3639088869094849,,,,
25,92,141825650753542,-1.9106688499450684,7.9280195236206055,-0.6370890140533447,,,,
25,92,141825659823977,-2.0781664848327637,7.83111047744751,0.1663011759519577,,,,
25,92,141825668914371,-2.2683959007263184,7.828119277954102,0.6029912829399109,,,,
